,Hoechst cells,Hoechst present,Hoechst area,CD3 cells,CD3 present,CD3 area,CD8 cells,CD8 present,CD8 area
count,152185.0,152185,152185.0,152185.0,152185,152185.0,152185.0,152185,152185.0
sum,3033463.0,152093,32299.976196289062,657335.0,135416,6059.112152099609,380515.0,107527,3968.0570678710938
mean,19.93273318658212,0.9993954726155666,0.2122415231217864,4.3193153070276304,0.8898117422873476,0.03981412197062529,2.500344974866117,0.7065545224562211,0.026073903918724536
std,12.449540267326554,0.024579786431511465,0.12338170327844651,5.763756558373136,0.3131252941551934,0.050896136082922115,3.4601958494450824,0.4553422796657744,0.03693420083251616
min,0.0,False,0.0,0.0,False,0.0,0.0,False,0.0
max,144.0,True,0.839996337890625,81.0,True,0.6523895263671875,72.0,True,0.751434326171875
